id_number	mz	rtime	rtime_left_base	rtime_right_base	parent_masstrack_id	peak_area	cSelectivity	goodness_fitting	snr	detection_counts	CPD041_EVC1	CPD041_EVC2	CPD041_EVC3	CPD041_KGD001	CPD041_KGD002	CPD041_KGD003	CPD041_KGD005	CPD041_KGD007	CPD041_KGD008	CPD041_KGD009	CPD041_KGD010	CPD041_KGD011	CPD041_KGD013	CPD041_KGD014	CPD041_KGD015	CPD041_KGD016	CPD041_KGD017	CPD041_KGD018	CPD041_KGD019	CPD041_KGD021	CPD041_KGD022	CPD041_KGD023	CPD041_KGD025	CPD041_KGD026	CPD041_KGD028	CPD041_KGD031	CPD041_KGD032	CPD041_KGD033	CPD041_KGD034	CPD041_KGD035	CPD041_KGD036	CPD041_KGD037	CPD041_KGD038	CPD041_KGD040	CPD041_KGD041	CPD041_KGD042	CPD041_KGD043	CPD041_KGD044	CPD041_KGD045	CPD041_KGD048	CPD041_KGD051	CPD041_KGD052	CPD041_KGD057	CPD041_KGD058	CPD041_KGD064	CPD041_KGD066	CPD041_KGD069	CPD041_KGD070	CPD041_KGD075	CPD041_KGD076	CPD041_KGD077	CPD041_KGD078	CPD041_KGD079	CPD041_KGD080	CPD041_KGD081	CPD041_KGD082	CPD041_KGD083	CPD041_KGD084	CPD041_KGD085	CPD041_KGD086	CPD041_KGD087	CPD041_KGD088	CPD041_KGD089	CPD041_KGD090	CPD041_KGD091	CPD041_KGD092	CPD041_KGD093	CPD041_KGD094	CPD041_KGD095	CPD041_KGD096	CPD041_KGD097	CPD041_KGD098	CPD041_KGD099	CPD041_KGD101	CPD041_KGD102	CPD041_KGD103	CPD041_KGD104	CPD041_KGD105	CPD041_KGD106	CPD041_KGD107	CPD041_KGD108	CPD041_KGD109	CPD041_KGD110	CPD041_KGD111	CPD041_KGD112	CPD041_KGD113	CPD041_KGD114	CPD041_KGD115	CPD041_KGD116	CPD041_KGD117	CPD041_KGD118	CPD041_KGD119	CPD041_KGD120
F1	252.0673	51.54	50.36	52.71	6	479110909	1.0	0.92	63	88	5508055	5450052	5412945	5596075	5271006	5305958	5279988	5129590	5680232	5409178	5300280	5375479	5729157	5551729	5845403	5715737	5389946	5290204	0	5231004	5199056	0	5574059	5295386	5233193	5704765	5501609	5242937	5651204	5546469	5342661	5418241	5462752	5525076	5604313	5028496	5566014	5390791	5413192	5163362	5438773	5269491	5307659	5590519	5444159	5609221	5306044	5688883	5676144	5787720	5443191	5246296	0	5344575	5561764	5338514	5809690	5490932	5455100	5808151	5446448	0	5527135	5145166	6335779	5507600	5388194	5448145	5268722	5470172	5678987	5295565	5307297	5338184	5567691	5401398	5446838	0	5479625	5601941	5470474	5507215	5443013	5858158	5472562	5439912	5488497	5525121	5340249	5717271	5494703	5595837	5462876
F2	298.3449	73.7	72.52	74.88	18	12541785	1.0	0.97	988	92	148606	147113	145131	131495	129275	128274	129123	120244	138821	136074	124395	126546	126880	139838	143937	135306	144555	129768	134792	128660	137935	144098	133467	120800	150247	148666	108277	134964	142498	139761	130225	136968	131214	127292	130721	132611	133870	139628	127697	127416	141223	141712	121733	140384	142448	138768	136736	135000	135667	146078	129241	128882	139104	127536	134729	132819	132948	123485	116147	134392	129103	125834	0	137306	154265	140805	137229	142974	141825	135392	131044	140829	142984	172676	144437	132503	138785	146886	138267	135616	148636	127570	160753	138586	133266	150528	142494	132706	148170	135867	148229	145123	139877
F3	254.066	51.34	50.76	52.52	12	19251508	1.0	0.72	163	93	211020	197618	213982	218009	199609	206775	213960	180572	223525	207540	194773	201091	232501	204499	227822	227275	201509	195928	178187	202982	199353	219793	198894	213509	200701	204134	220327	202782	219917	216100	204590	205829	208871	206034	191936	199459	205162	195120	211979	199963	183639	203278	190208	200262	215128	221169	202544	211347	225081	226325	195883	175319	216715	203314	216916	211890	220880	208347	204743	232907	202591	213980	197596	202543	229378	207864	211358	216429	190651	200145	216415	203035	210654	201592	207389	199600	195907	208887	196095	220651	195868	203212	177728	216249	187644	212827	217400	219935	203906	223402	212176	221459	216417
F4	252.0865	60.17	59.58	60.95	8	25082939	1.0	0.97	3420	77	389051	360106	338840	451759	456369	392019	486282	162879	366756	369850	342055	267223	368437	0	0	344925	294403	405375	317775	277236	233940	258634	355006	277932	312595	236929	254329	359925	355999	244065	324391	336331	328801	0	0	327132	308753	266588	342085	347621	270634	450333	306149	294520	0	301677	231881	406212	272390	289249	374700	367444	379161	294237	333960	319803	288795	261498	357183	0	274974	0	0	390566	0	383235	313032	352901	416073	242300	414391	312381	231270	0	319616	376459	389401	0	0	233499	419537	266036	331382	268808	224023	0	276751	323075	0	0	0	317353	358654
F5	307.1097	67.23	66.35	68.41	20	36791053	1.0	0.95	3215	91	499977	473248	393497	468626	508532	375020	531629	368855	606545	392015	285334	423926	408505	442225	409571	406498	425808	458778	116604	197247	348639	316657	469711	581124	484261	454916	441960	444890	476130	335738	338401	453021	510643	396871	350336	427305	416136	460264	469135	222289	374520	439172	427615	344694	376814	381248	391196	498421	425003	415534	360729	466370	460261	299375	442356	388085	422046	351977	279333	391275	339147	341236	531895	500985	0	424939	261350	405250	378212	317852	450271	350387	418390	0	462576	427740	473268	329770	392121	423532	422393	410004	399432	363025	407849	213529	489267	493841	382999	103117	357379	455167	559239
F6	270.0333	59.97	58.99	61.15	13	11246732	1.0	0.96	977	92	103545	122080	125779	129105	108985	125934	120206	132022	122651	111753	114202	128652	124681	136286	140831	111036	101454	127316	112747	114927	125370	133408	113860	111262	129387	131661	135739	113634	129031	118550	131947	128339	113603	131903	119013	121883	121850	131127	122291	89520	122006	129168	126874	130525	121711	133617	125101	119982	124476	122858	103794	117164	123880	124869	124753	106906	125187	129298	122035	133441	113443	129303	124889	115010	0	92651	102673	101338	113436	117521	116443	105194	126233	179452	129170	125361	112804	121104	113645	119734	124358	125940	104542	127024	126624	150043	133294	113656	122351	178985	138698	124443	105155
F7	270.0333	73.31	73.01	73.9	13	74416	0.84	0.82	10	22	0	0	0	0	0	0	0	7698	0	1091	0	3916	3361	2147	2306	0	0	0	0	0	0	0	0	1040	1080	2772	2315	0	0	0	0	0	0	0	5376	3482	2405	11605	7358	0	0	0	0	0	0	0	16040	1041	4846	0	0	0	0	0	0	0	0	0	0	0	0	1035	1102	0	0	0	0	0	0	0	0	1160	0	0	1240	0	0	0	0	0	0	0	0	0	0	0	0	0	0	0	0	0	0
F8	307.6111	67.33	66.45	68.5	21	12417616	1.0	0.94	1110	85	163841	174562	115073	163761	158719	144380	184243	124007	203115	132662	0	153622	173320	174328	135303	156199	139907	162646	0	0	112299	124980	176728	191916	166341	131514	150482	157420	151588	120616	149540	137604	191258	143097	116391	149275	149788	160627	169437	0	125381	153843	139217	99885	128558	143782	116202	146046	138930	102959	125817	173571	160424	100000	137550	137198	140987	140580	110107	120367	130579	126782	195563	163690	0	143124	122478	148205	124484	114886	194838	121440	107893	0	163023	151542	167516	108914	134694	153173	153295	145566	135454	138009	142241	0	176251	181168	156138	0	123750	165638	197289
F9	253.0708	51.34	50.76	52.52	9	60883773	1.0	0.73	81	93	673545	657458	646418	674235	644023	629196	639222	595642	681147	653525	628060	631843	674082	665165	701157	688578	654552	631776	631058	624693	630135	680585	654811	611843	631481	680786	656804	615740	684993	666448	646106	649962	646114	684010	664395	590631	666282	640613	646313	628596	662212	640788	642803	666763	647171	676817	635500	683397	687893	702347	651095	633162	679954	653574	676430	625571	702834	656414	672410	705536	654458	661854	664713	619921	729044	658364	635424	657548	625623	653920	678245	626000	615485	644351	667669	639638	650353	626392	656734	672664	653093	665879	648548	692498	645387	650198	666931	663934	623429	668918	654867	667585	658412
F10	309.0885	60.07	59.19	61.25	22	731778	1.0	0.99	66	3	0	0	0	0	0	0	0	362413	0	0	0	0	0	0	0	0	0	0	0	0	0	0	0	259973	0	0	0	0	0	0	0	0	0	0	133767	0	0	0	0	0	0	0	0	0	0	0	0	0	0	0	0	0	0	0	0	0	0	0	0	0	0	0	0	0	0	0	0	0	0	0	0	0	0	0	0	0	0	0	0	0	0	0	0	0	0	0	0	0	0	0	0	0	0
F11	274.0489	51.15	50.76	52.23	14	3862233	1.0	0.53	491	59	0	65979	69135	63563	62992	63570	0	56020	0	63538	62320	0	71072	0	66833	66992	63014	60587	60024	57484	58999	0	0	58526	51023	0	61956	0	63090	0	0	0	0	0	0	0	63525	0	59817	0	0	59220	0	0	0	63578	65947	71672	66333	65658	69156	66669	69393	64481	0	62315	74004	63827	66304	75570	67205	66937	67425	67637	70601	0	0	71306	63204	0	56047	61100	63966	85544	0	65335	0	64470	68108	72342	68564	0	0	0	0	69448	67941	69177	0	79462	0	68936	69292
F12	274.0489	53.7	52.52	54.87	14	5158907	0.87	0.96	251	59	0	90592	79242	93533	70323	79456	0	85912	0	80383	83059	0	89182	0	97342	81962	81817	93292	79339	79174	87017	0	0	73612	82291	0	84519	0	82161	0	0	0	0	0	0	0	84785	0	79774	0	0	76317	0	0	0	71296	94570	87375	87296	88933	86339	87480	90806	89839	0	96416	90427	85139	80321	97182	92326	99861	87413	86319	139930	0	0	84831	86614	0	83009	92554	86706	84066	0	90229	0	98406	94530	88933	87894	0	0	0	0	90365	88308	85622	0	103771	0	94239	89478
F13	253.0813	60.07	59.29	61.25	11	9039873	1.0	0.98	948	77	90811	157033	0	119141	135867	105576	154883	0	145565	139332	0	90005	93166	139149	82894	142137	134628	145046	110778	0	120313	132986	148206	121507	102227	0	139531	139980	86288	104894	130973	106952	79999	90380	99895	116068	101200	151707	110883	118507	112216	158790	92045	0	0	100176	82293	131777	80765	0	142078	145299	160882	131578	120975	130671	119257	69720	101302	132880	90338	117548	142694	164714	0	130021	91767	109171	95811	125204	156102	127674	0	0	0	88759	130063	0	104424	90224	119363	0	109718	112029	114543	0	118672	151079	91786	0	83260	88844	105854
F14	315.1067	65.27	64.58	66.45	23	178501	1.0	0.97	21	1	0	0	0	0	0	0	0	0	0	0	0	0	0	0	0	0	0	0	200249	0	0	0	0	0	0	0	0	0	0	0	0	0	0	0	0	0	0	0	0	0	0	0	0	0	0	0	0	0	0	0	0	0	0	0	0	0	0	0	0	0	0	0	0	0	0	0	0	0	0	0	0	0	0	0	0	0	0	0	0	0	0	0	0	0	0	0	0	0	0	0	0	0	0
F15	279.1144	67.92	66.74	69.09	15	105311611	1.0	0.96	1890	93	1128497	922888	951966	1172088	865260	1186557	809503	1678656	1041218	1397720	1164697	913929	1080257	943984	1464211	1162494	1060900	1095857	975151	997376	978465	1183748	1372346	869692	1164707	1447692	990085	889430	1224176	963583	1310735	1134640	956932	922322	2033127	1117630	1565139	1164521	1423526	1038139	967031	869466	1062689	1111886	1105555	1356434	1622690	1043646	1043500	996542	802028	974386	963583	1131345	1078906	1084520	1139566	967418	983543	1042010	1170014	1125834	993370	878971	5816187	1179382	982182	1116311	978014	1054612	753139	1111707	1142168	112489	1088894	1180963	1046651	1842165	1033314	1110239	998627	911951	1018189	1158288	1080528	677532	1103895	985709	1051547	936171	726287	1048633	812060
F16	130.1581	26.64	26.34	27.32	0	352613	0.56	0.81	76	88	4610	3995	4449	5417	2278	2410	1183	9400	2590	0	2366	2974	4247	4161	4044	4954	4053	2163	6292	4700	3934	4890	5393	1466	3550	6047	3749	6029	0	5231	5161	3518	4470	5457	3397	0	3764	3925	1243	6862	4878	3948	4815	3445	4815	2863	3946	4268	5944	4549	4212	2619	3697	5107	6589	4835	8174	3550	1301	1140	5926	3313	1837	4776	1069	2544	6504	5000	2677	3428	0	3893	5088	5175	3770	3388	5449	4180	3701	5395	4097	5945	4449	5161	1018	2769	0	1279	5000	5344	5386	3579	3406
F17	130.1581	54.58	53.8	55.76	0	9374451	1.0	0.95	910	87	130380	109191	112085	108461	99377	102445	110282	105231	107418	0	110178	106163	116635	103924	112094	109946	113298	100232	103798	108324	110568	116196	112104	101123	124767	108733	116598	111379	0	110409	105737	101864	115546	103155	112044	0	108314	108460	104586	104051	110885	110313	105340	110984	107889	107583	109459	109362	104287	103151	105793	96368	107332	99335	110393	107535	107112	102574	101080	113140	107248	109016	97760	100907	0	111826	105653	107889	100703	101927	0	97701	104000	131063	100021	104857	108803	108981	107252	105906	108960	106075	113098	109773	110268	106069	0	102813	108339	119605	113482	107510	102935
F18	280.1175	67.92	66.84	69.09	16	13730899	1.0	0.95	1107	89	107935	126871	125602	140809	112724	144991	0	220479	143626	192782	159126	94493	141123	136809	196785	151809	126787	158954	135104	144314	139204	172697	179118	105769	164231	205774	111102	134880	173044	146940	178072	155573	118072	122296	286445	159169	217906	146303	205080	134716	102406	96941	160764	155843	112839	172327	210604	137579	148489	128759	120872	134859	129114	122943	135463	136195	154545	137737	103091	145185	165952	135734	141696	117658	856469	145945	136313	132676	145233	141333	83026	128427	138223	0	161671	146666	151383	258104	151922	150685	138778	119716	131995	172705	151505	0	159267	124356	133219	124593	0	131077	114503
F19	323.1039	61.35	60.36	62.52	24	1510943	1.0	0.98	146	2	0	0	0	0	0	0	0	1129626	0	0	0	0	0	0	0	0	0	0	0	0	0	0	0	404317	0	0	0	0	0	0	0	0	0	0	0	0	0	0	0	0	0	0	0	0	0	0	0	0	0	0	0	0	0	0	0	0	0	0	0	0	0	0	0	0	0	0	0	0	0	0	0	0	0	0	0	0	0	0	0	0	0	0	0	0	0	0	0	0	0	0	0	0	0
F20	162.9969	29.67	27.13	34.09	1	900902	1.0	0.95	20	2	0	0	0	0	0	0	0	0	0	0	0	0	0	0	0	0	0	0	0	0	0	0	0	0	0	0	0	0	0	0	0	0	0	0	530571	0	0	0	0	0	0	0	0	0	0	0	0	0	0	0	0	0	0	0	0	0	0	0	0	0	0	0	0	0	0	0	0	0	0	0	0	0	0	445787	0	0	0	0	0	0	0	0	0	0	0	0	0	0	0	0	0	0	0
F21	281.1136	67.82	67.03	69.0	17	222805	1.0	0.97	19	1	0	0	0	0	0	0	0	0	0	0	0	0	0	0	0	0	0	0	0	0	0	0	0	0	0	0	0	0	0	0	0	0	0	0	0	0	0	0	0	0	0	0	0	0	0	0	0	0	0	0	0	0	0	0	0	0	0	0	0	0	0	0	0	0	246142	0	0	0	0	0	0	0	0	0	0	0	0	0	0	0	0	0	0	0	0	0	0	0	0	0	0	0	0
F22	324.107	61.25	60.56	62.42	25	149574	1.0	0.97	15	1	0	0	0	0	0	0	0	170178	0	0	0	0	0	0	0	0	0	0	0	0	0	0	0	0	0	0	0	0	0	0	0	0	0	0	0	0	0	0	0	0	0	0	0	0	0	0	0	0	0	0	0	0	0	0	0	0	0	0	0	0	0	0	0	0	0	0	0	0	0	0	0	0	0	0	0	0	0	0	0	0	0	0	0	0	0	0	0	0	0	0	0	0	0
F23	350.067	60.86	59.88	62.03	30	19285638	1.0	0.98	1827	91	223853	218727	206475	286060	264875	261934	265603	198947	249555	253617	214138	224292	233236	201275	176914	287581	238683	241195	231035	210323	220178	226756	190406	152152	216530	208078	225603	234729	191051	175652	203595	205876	179199	210674	263046	211133	208457	214010	206803	232417	191588	235071	214145	231104	226476	200213	143892	234068	215803	229407	217954	247130	234303	210257	200461	187974	206832	192974	191554	202726	214234	195988	193923	240953	0	207896	213246	218523	216715	217824	216491	210602	201161	0	229834	226032	211120	145539	204193	189318	193378	191020	193236	173189	180352	163649	205123	225480	215643	159220	178262	191133	206766
F24	350.067	65.96	65.27	66.84	30	1989867	0.94	0.98	168	90	18471	24073	22277	19977	39399	24857	33231	18135	34210	22989	29339	12570	23993	27687	18820	18595	24602	27991	29343	20475	31504	32603	20955	20116	25825	28592	32574	17739	20137	23434	25100	21262	23610	21324	13516	25018	23246	30337	15965	21250	18988	27433	28729	23932	26024	25851	0	29477	30778	28674	20953	16122	24422	16154	21094	23997	26174	16568	25890	26266	23800	23074	24827	18286	0	18214	24492	23293	27367	23149	27576	26365	17281	0	20443	6231	12882	11671	19105	18631	16238	19934	25155	9909	9029	25194	23618	16243	19303	12573	14200	13387	12730
F25	236.0727	52.81	51.64	53.99	2	797056551	1.0	0.97	187	93	8937844	9402348	9046054	9379818	9582878	8915682	9787043	7312169	9518026	8806348	9088850	8856750	8910200	8750176	8286800	9497210	9063296	9246902	8992803	8879119	8331367	9362427	9200843	8891065	8780807	8334334	8423507	9180507	8962507	8539564	8310076	8559352	8390635	8694218	6380844	8099261	8164315	8337317	7939448	9110890	8319948	8785085	8831528	8548405	8261657	8495148	8427897	9521912	8696854	9102195	9615628	9264539	9591302	8953301	8586948	8444407	9020518	8486285	8719239	8672968	8625319	8181735	8882752	9427877	895990	8954716	8619414	8868861	8577354	8571444	9506690	8083623	8528331	8221614	8357001	8781403	9283488	7105803	8285935	8719948	8813720	8808475	8955363	8576810	8120387	8560388	8793565	9463089	8791893	7943554	9264828	8482469	9224716
F26	335.1401	67.62	66.45	68.8	26	275577191	1.0	0.98	691	93	3084455	3131035	3105931	3275522	3427158	3394050	3633959	3056507	3438282	3415219	3638228	3434258	3121465	2809531	2342419	3313744	3050118	3119143	3460900	3321406	3171091	3223140	2733594	2967747	2880847	2836268	2675143	2814640	3013889	2651178	2888690	2881158	2766158	3111373	2524469	3010237	2927074	3086216	2734443	3190682	2598066	3300448	3577006	3348664	3307107	2992387	2972189	3534182	3280265	3405872	3474799	3113188	3562696	3221075	3101042	2918739	2985407	3014556	3208590	3194040	3023646	2998535	2961653	3132896	287012	3129000	3330560	3172933	3290880	3340708	3576480	3187234	3048641	561221	3056424	2950722	3015731	2509102	2838730	2739046	2976403	2908194	2985849	2885097	2714606	2128342	2874225	3136272	2947179	1824832	2453651	2852191	3032272
F27	350.1225	63.6	62.72	64.78	31	3254955	1.0	0.96	314	24	0	0	139064	0	0	0	0	0	0	0	0	180076	0	137158	0	164527	0	0	0	271911	0	0	0	0	0	91921	106773	0	71595	0	0	0	92537	0	104217	0	0	0	192095	155912	0	0	0	103577	101955	0	152637	0	0	0	255222	0	0	0	0	0	0	0	258028	0	0	80540	113633	0	0	0	0	0	0	0	0	127642	0	0	111342	88375	0	0	0	0	0	0	0	0	82036	0	0	0	0	0	0	94182	0
F28	237.0755	52.81	51.64	53.99	3	104904531	1.0	0.95	428	93	1144871	1232480	1178331	1206227	1250968	1165132	1275521	931102	1229279	1145525	1190867	1167540	1185213	1132284	1069779	1230262	1187583	1187497	1186375	1172279	1070817	1222467	1178758	1184584	1150151	1079870	1103153	1201778	1160769	1098763	1073561	1089183	1086775	1116351	795952	1046216	1071279	1096469	1017921	1221864	1078489	1140520	1148652	1117899	1065017	1106109	1096068	1232443	1121461	1188448	1276023	1151938	1284932	1188590	1120209	1117572	1194320	1107395	1146928	1125088	1128718	1036898	1151134	1239870	85159	1175437	1114163	1160054	1096296	1111991	1268789	1050318	1105008	1051786	1101403	1155935	1233288	916989	1085564	1132152	1160633	1151274	1167994	1125973	1066463	1128113	1171323	1256967	1146868	1050826	1228956	1097918	1231374
F29	336.1437	67.62	66.45	68.8	27	51261265	1.0	0.96	3967	92	592486	588063	583493	630342	654534	510801	605459	557418	565743	550361	682927	655732	581245	527277	411809	653897	565188	599582	664067	629612	597680	610696	511538	523608	541963	528422	459329	515540	564869	495298	502160	540437	528960	592859	474982	584674	554185	576610	498623	606589	474468	620489	673155	598096	612146	568705	552247	667187	617208	654612	585060	582007	678773	607186	587039	462588	571452	529499	612572	615189	584546	564288	570733	560190	0	586565	511338	603064	619942	630570	667096	600660	562915	109670	587648	507966	557746	474517	533016	490923	480411	555615	485122	541933	506864	406193	490801	535730	558634	353262	454745	541604	563222
F30	365.1144	58.6	57.81	58.99	36	1065230	1.0	0.85	144	4	0	0	0	0	0	0	0	0	11917	1672	550555	0	0	0	0	0	0	0	0	0	0	0	0	514086	0	0	0	0	0	0	0	0	0	0	0	0	0	0	0	0	0	0	0	0	0	0	0	0	0	0	0	0	0	0	0	0	0	0	0	0	0	0	0	0	0	0	0	0	0	0	0	0	0	0	0	0	0	0	0	0	0	0	0	0	0	0	0	0	0	0	0	0	0
F31	365.1144	59.68	58.99	60.86	36	1967572	1.0	0.97	178	7	0	0	0	0	0	0	278099	88637	534191	560098	192157	0	0	0	0	0	0	0	0	0	0	0	0	206166	0	0	0	0	0	0	0	0	0	0	0	0	128224	0	0	0	0	0	0	0	0	0	0	0	0	0	0	0	0	0	0	0	0	0	0	0	0	0	0	0	0	0	0	0	0	0	0	0	0	0	0	0	0	0	0	0	0	0	0	0	0	0	0	0	0	0	0	0	0
F32	351.1345	63.9	62.72	65.07	32	2776454	1.0	0.98	264	6	0	0	0	0	0	0	0	1213828	0	0	0	0	0	220413	0	0	0	0	0	0	0	0	0	839663	0	0	0	0	0	0	0	0	0	0	257652	0	0	0	166783	0	0	0	0	0	0	0	103115	0	0	0	0	0	0	0	0	0	0	0	0	0	0	0	0	0	0	0	0	0	0	0	0	0	0	0	0	0	0	0	0	0	0	0	0	0	0	0	0	0	0	0	0	0	0
F33	238.0709	52.81	51.74	53.99	4	32311240	1.0	0.94	2362	92	353394	389129	371343	366601	400103	351724	402121	298094	384570	356819	371488	366454	351031	351745	344212	394534	365523	377197	366510	364330	339341	383391	353553	365778	356246	334621	330312	375689	377592	339207	338002	335356	336224	339200	252393	315452	323157	315452	326318	363689	336825	365684	355284	313944	266785	345228	343985	392227	352894	376716	394889	380578	403195	360413	326928	341674	355306	343698	351562	358984	347147	326530	356785	389325	0	361226	333200	363533	334116	353264	386214	333252	344733	316296	345850	341192	375597	277627	337010	358719	318354	339183	364996	339183	332453	336383	354310	395655	359244	317239	368049	351092	382789
F34	337.1405	67.62	66.54	68.8	28	11018369	1.0	0.96	935	86	134872	151723	133474	121091	146370	146154	122526	105844	142632	160231	159537	136578	65091	127565	0	158036	138263	124946	145741	121100	132530	124722	126615	129237	139316	119386	99436	107596	116366	115721	130002	135692	0	131006	109607	142555	136473	65955	103794	151864	70126	150051	163823	136080	117397	131129	141762	152956	147142	150976	161989	112787	162524	150068	149951	104002	144044	93960	142763	148167	135260	134538	126462	100208	0	88549	138338	117297	124632	161015	144892	149505	150151	0	141634	143130	130845	93291	90202	99935	109898	129045	126646	121570	71485	0	113707	148088	118123	0	0	107813	134766
F35	365.1506	65.37	64.48	66.54	37	3660913	1.0	0.97	373	12	0	0	0	0	0	0	0	403219	0	0	0	126528	0	466018	0	0	0	0	0	0	0	0	0	692893	0	188762	0	0	0	0	0	0	0	0	462504	0	0	0	0	0	0	0	0	0	128972	0	678572	0	0	0	0	0	0	0	0	0	0	0	0	0	0	121908	0	0	0	0	0	0	0	0	0	0	0	0	96481	0	0	0	0	0	0	0	0	0	109373	207683	0	0	0	0	0	0	0
F36	352.1381	63.99	63.11	65.17	33	318730	1.0	0.97	28	2	0	0	0	0	0	0	0	206813	0	0	0	0	0	0	0	0	0	0	0	0	0	0	0	136883	0	0	0	0	0	0	0	0	0	0	0	0	0	0	0	0	0	0	0	0	0	0	0	0	0	0	0	0	0	0	0	0	0	0	0	0	0	0	0	0	0	0	0	0	0	0	0	0	0	0	0	0	0	0	0	0	0	0	0	0	0	0	0	0	0	0	0	0	0
F37	251.0833	60.17	58.99	61.35	5	336422940	1.0	0.99	765	93	4235266	4127105	3856646	4372784	5111979	4071536	4926837	1923774	4465502	3918827	3900269	3733698	3805498	3602917	3321708	3926437	3717949	4232379	4164864	3529234	3264192	3767329	4136319	3443156	4059334	3474785	3749231	3917199	3790706	3198256	3686225	3847693	3738200	3418283	2954304	3642992	3512499	3788054	3838469	4006805	3502958	4396739	3743881	3720452	3473446	3482056	3281776	4351153	3550268	3860538	3943012	4408693	4084904	3730549	3828026	3590878	3798749	3385300	3299358	3372030	3538059	3155825	3634388	4487259	575989	4113614	3480849	3761501	3639564	3445541	4293576	3485457	3554630	720715	3647553	4066916	4138214	2690721	3113003	3704357	3654129	3353734	3669482	3395388	3135053	2127514	4063150	4306978	3682701	1496241	3309780	3727936	4307073
F38	349.1194	63.5	62.52	64.68	29	29140966	1.0	0.97	2642	57	386285	409221	844296	234927	0	439698	0	296963	0	0	0	1170079	442322	884395	161843	895685	0	0	0	1448593	344585	0	0	297676	0	769145	752686	0	600434	305915	196053	0	449468	314994	822215	434436	413318	365205	1020936	834234	0	0	0	649480	728160	0	985743	0	269003	0	1430991	0	0	0	182500	0	0	120239	1470958	531210	0	558358	513709	0	0	0	245791	0	178983	334499	181769	617824	0	0	663333	479452	0	259630	146610	94376	183963	193230	0	181884	639178	434501	277092	0	204036	195937	0	675920	0
F39	366.1172	58.5	57.81	59.68	38	264792	0.94	0.65	21	3	0	0	0	0	0	0	0	0	0	40483	134777	0	0	0	0	0	0	0	0	0	0	0	0	110179	0	0	0	0	0	0	0	0	0	0	0	0	0	0	0	0	0	0	0	0	0	0	0	0	0	0	0	0	0	0	0	0	0	0	0	0	0	0	0	0	0	0	0	0	0	0	0	0	0	0	0	0	0	0	0	0	0	0	0	0	0	0	0	0	0	0	0	0	0
F40	364.1665	61.05	60.07	62.23	34	4256575	1.0	0.97	427	30	0	110655	0	115350	152607	0	0	0	176050	0	80486	0	234322	0	0	0	153414	117564	0	0	0	0	0	268217	0	158384	0	0	78741	0	0	96777	0	0	133868	0	0	77950	308341	0	93783	95277	0	0	0	0	0	112612	0	0	95492	0	0	200285	0	0	0	0	0	0	154438	0	110044	0	0	119529	0	0	0	0	130000	0	0	0	0	0	118250	0	0	0	0	76564	0	0	0	0	143677	240425	104523	0	0	0	221950
F41	366.1537	65.27	64.68	66.45	39	337753	1.0	0.96	34	3	0	0	0	0	0	0	0	0	0	0	0	0	0	0	0	0	0	0	0	0	0	0	0	139783	0	0	0	0	0	0	0	0	0	0	92963	0	0	0	0	0	0	0	0	0	0	0	126965	0	0	0	0	0	0	0	0	0	0	0	0	0	0	0	0	0	0	0	0	0	0	0	0	0	0	0	0	0	0	0	0	0	0	0	0	0	0	0	0	0	0	0	0	0	0
F42	364.1776	56.93	56.25	58.11	35	2294431	1.0	0.97	273	23	0	59476	100174	0	168443	0	133224	0	95745	0	0	0	0	0	0	0	0	0	141371	0	0	82142	116090	0	0	0	0	82099	0	0	0	0	0	0	0	0	0	0	0	70422	59277	96908	0	0	0	0	0	0	0	0	0	84107	98790	158416	0	74043	0	0	0	0	0	0	0	120921	0	129942	0	67994	0	0	0	0	0	0	0	0	114265	0	0	100109	0	0	65511	0	0	0	0	0	0	0	0	0	94962
F43	370.0945	62.82	61.64	63.99	40	15813059	1.0	0.99	1488	88	217024	224459	152832	129172	307809	105803	208460	150369	317115	136306	203341	84555	244748	298401	217967	114788	300478	210683	191862	130711	130060	191958	207808	354294	205795	237668	120988	143121	293087	131150	140158	238098	241155	86310	230678	177504	150488	141350	338399	136538	183423	145150	118502	105409	70413	131439	148378	193079	87323	124547	222015	139902	184008	295111	165683	160831	129798	132576	113629	151942	220146	0	245313	225205	0	233846	168615	172935	144573	91193	250505	73763	134020	0	100691	129120	257892	167328	135855	187483	144919	198958	177029	194471	87727	0	270396	197650	159046	0	155184	173263	294285
F44	374.0666	68.7	67.92	69.88	42	1608449	1.0	0.95	185	17	0	98723	0	95276	105546	94599	129233	0	95043	0	83477	0	0	0	0	77370	0	0	78846	0	0	0	0	0	0	0	0	91488	0	0	0	0	0	0	0	0	0	0	0	61284	0	0	0	0	0	0	0	0	0	0	0	126246	127012	87043	0	0	0	0	0	0	0	0	0	114407	0	0	0	0	0	0	0	0	0	0	0	0	85360	0	0	0	0	0	0	0	0	0	0	78496	0	0	0	0	0
F45	381.1447	60.27	59.48	61.05	48	107286	1.0	0.99	11	1	0	0	0	0	0	126692	0	0	0	0	0	0	0	0	0	0	0	0	0	0	0	0	0	0	0	0	0	0	0	0	0	0	0	0	0	0	0	0	0	0	0	0	0	0	0	0	0	0	0	0	0	0	0	0	0	0	0	0	0	0	0	0	0	0	0	0	0	0	0	0	0	0	0	0	0	0	0	0	0	0	0	0	0	0	0	0	0	0	0	0	0	0	0
F46	387.0957	59.88	59.09	60.86	54	414878	1.0	1.0	45	3	0	0	0	0	0	0	94105	0	201680	140253	0	0	0	0	0	0	0	0	0	0	0	0	0	0	0	0	0	0	0	0	0	0	0	0	0	0	0	0	0	0	0	0	0	0	0	0	0	0	0	0	0	0	0	0	0	0	0	0	0	0	0	0	0	0	0	0	0	0	0	0	0	0	0	0	0	0	0	0	0	0	0	0	0	0	0	0	0	0	0	0	0	0	0
F47	371.101	63.6	62.72	64.78	41	3043141	1.0	0.95	300	21	0	0	128548	0	0	0	0	0	0	0	0	191956	0	123993	0	151840	0	0	0	243452	0	0	0	0	0	111544	105327	0	0	0	0	0	131903	0	152062	0	0	0	174007	138757	0	0	0	117554	111038	0	172975	0	0	0	233628	0	0	0	0	0	0	0	267906	0	0	107695	93016	0	0	0	0	0	0	0	0	96191	0	0	106036	0	0	0	0	0	0	0	0	0	0	0	0	0	0	0	0	105713	0
F48	371.101	67.42	66.74	68.6	41	354425	0.97	0.9	34	15	0	0	59673	0	0	0	0	0	0	0	0	8211	0	0	0	33444	0	0	0	61539	0	0	0	0	0	0	0	0	0	0	0	0	1050	0	0	0	0	0	1101	59290	0	0	0	24121	1388	0	0	0	0	0	56807	0	0	0	0	0	0	0	37108	0	0	11215	3860	0	0	0	0	0	0	0	0	1073	0	0	0	0	0	0	0	0	0	0	0	0	0	0	0	0	0	0	0	14545	0
F49	382.0781	56.64	55.85	57.81	49	824706	1.0	0.94	105	11	0	0	0	52081	0	0	96434	0	0	0	0	0	0	0	0	0	0	0	0	0	0	81966	0	0	0	0	0	0	92101	0	0	0	0	0	0	0	0	0	0	0	0	0	59362	0	0	0	0	89754	0	0	0	0	0	0	0	0	0	0	0	67932	0	0	54924	0	0	0	76699	0	0	0	96777	0	77676	0	0	0	0	0	0	0	0	0	0	0	0	0	0	0	0	0	0	0	0
F50	399.1347	64.97	64.09	66.15	55	12169237	1.0	0.97	1234	71	367401	172680	154094	120811	0	0	0	0	0	0	121951	361507	112296	145728	86518	150190	0	101862	0	161744	130254	79791	86464	0	263385	62289	119030	157690	189134	178215	175544	97277	168776	222979	0	291463	284792	129256	0	0	0	0	106082	238524	268186	251072	213158	159351	140993	206798	152285	141480	106487	0	277243	207927	88906	199475	199628	175166	92964	176994	179519	0	0	0	199500	125005	165570	118326	124970	257004	132103	0	232048	108511	0	136781	147817	187879	249592	201180	244840	144025	183140	179792	106199	95307	101222	0	177481	297586	0
F51	380.077	56.74	55.56	57.91	44	158338374	1.0	0.99	3189	93	1784821	1773509	1632054	1898649	1875453	1828054	1966370	1762890	1888287	1831270	1868468	1980760	1708808	1701196	1466781	1931123	1765080	1931072	1746893	1773728	1724963	1842651	1786590	1971647	1823649	1679019	1750267	1727683	1758339	1615388	1736530	1703881	1622602	1789247	1383120	1717544	1700181	1770866	1739922	1680957	1529290	1745543	1769267	1780408	1698965	1737784	1818692	1976834	1751560	1846751	1881485	1700945	1774477	1707900	1716105	1671779	1697671	1643735	1669906	1776876	1827142	1720770	1716868	1695220	219599	1732326	1751281	1732736	1753136	1754876	1924497	1667393	1703940	1178634	1723501	1605300	1665532	1372596	1672595	1656032	1686558	1703937	1714113	1584532	1591586	1665996	1768430	1684563	1673075	1497811	1673650	1561538	1734345
F52	380.077	63.41	62.23	64.58	44	6404994	0.61	0.99	7	92	72484	67045	51670	53643	83137	71623	107449	54306	75541	76495	89845	71620	73278	64652	51590	66855	82648	98372	87730	81511	88557	102722	93489	88097	90195	71395	67938	69537	69876	74899	80750	81001	71032	83683	34816	78492	67288	69662	54733	53942	59273	84666	122983	60592	71216	86755	53889	104345	78287	92147	76578	51060	63020	67215	68991	74780	76824	61488	67625	78028	80557	53720	63935	50882	0	60647	63649	71435	63326	64225	92238	61479	69900	155713	55058	36441	45843	87722	55997	57536	56747	62650	66466	57457	46952	70743	54229	49562	43622	48723	64718	37055	51706
F53	382.112	57.81	57.32	58.99	50	3419130	1.0	0.92	352	33	110274	73503	140013	60878	0	72592	0	223753	81187	0	98411	108114	0	0	0	121120	0	0	0	119014	83894	0	0	121167	0	67633	0	0	0	0	0	0	104975	0	124252	0	0	74705	124014	119038	0	0	91770	0	68622	0	123118	0	0	0	126885	82238	0	0	0	0	0	0	69083	0	0	0	0	0	0	0	94409	0	0	0	136681	76799	0	0	123216	115881	0	0	0	0	0	0	0	0	96336	88359	0	0	0	0	0	115196	0
F54	402.059	56.74	55.85	57.91	56	508772	1.0	0.97	45	5	0	0	0	0	0	0	0	0	0	0	0	0	0	0	0	0	0	0	0	0	0	0	0	0	0	0	0	0	0	0	0	0	0	0	0	0	0	0	0	0	0	0	0	0	0	0	0	0	0	0	0	0	0	0	0	0	0	0	0	0	0	0	0	0	0	90095	0	0	74405	0	0	0	0	125797	0	0	0	0	0	0	0	0	0	0	0	117131	0	0	0	125450	0	0	0
F55	383.1067	63.6	62.82	64.78	51	2188554	1.0	0.97	229	19	97444	0	0	0	158566	0	126534	0	89252	0	0	0	0	0	0	0	0	0	107323	0	0	0	135299	118650	102633	0	0	0	0	0	0	0	0	0	0	0	0	0	96732	0	0	130227	0	0	0	0	0	90863	0	0	0	0	105882	0	0	0	0	0	0	0	0	0	0	131717	0	73260	0	0	0	0	128188	0	0	0	0	0	101130	0	0	111600	0	0	0	0	0	0	0	148744	0	0	0	0	155510
F56	408.1559	57.91	57.03	59.09	57	1931943	1.0	0.96	185	13	183319	0	0	0	0	0	0	0	0	0	0	0	0	177805	0	0	0	0	0	0	0	0	0	0	110796	0	0	0	129614	0	0	0	0	0	109969	152284	141613	0	0	0	0	0	0	0	94046	0	225203	0	0	0	0	0	0	0	0	0	0	0	119786	230226	0	0	110479	0	0	0	0	0	0	0	168803	0	0	0	0	0	0	0	0	0	0	0	0	0	0	0	0	0	0	0	0	0	0
F57	386.1027	67.42	66.84	68.31	52	88635	1.0	0.96	10	1	0	0	0	0	0	0	0	0	0	0	0	0	0	0	0	0	0	0	107752	0	0	0	0	0	0	0	0	0	0	0	0	0	0	0	0	0	0	0	0	0	0	0	0	0	0	0	0	0	0	0	0	0	0	0	0	0	0	0	0	0	0	0	0	0	0	0	0	0	0	0	0	0	0	0	0	0	0	0	0	0	0	0	0	0	0	0	0	0	0	0	0	0	0
F58	410.0876	55.56	54.58	56.74	60	67678319	1.0	0.98	6281	92	853757	983634	896517	716736	958921	842544	1068655	322540	901080	690564	914772	463088	762430	811158	765282	738493	847746	929704	895716	849998	715655	916134	830403	463751	840576	556740	531291	885170	770074	693388	720224	753544	748763	713329	0	755871	688008	670102	356769	924808	717979	861972	868224	680537	715600	679611	491670	820490	790928	835392	972222	885103	1005688	878417	735188	774002	791868	769637	847701	608077	757754	396883	836412	947345	102562	859371	677392	807197	801969	703457	735038	628176	773714	325818	544206	649141	924186	513902	559381	732360	832077	784624	882867	797337	559975	440678	785128	762635	655257	258493	695247	621346	871150
F59	410.0876	61.05	60.27	62.13	60	4244023	0.77	0.97	31	91	49659	61811	41295	35410	52730	52535	77441	6300	58087	45020	63655	25897	49657	48973	46521	43323	59287	73649	65333	70282	59989	74103	64275	29345	67892	36624	35757	52839	47829	54997	41735	56617	58173	54278	0	57146	45235	37259	9303	45592	40219	56918	76668	46731	46060	49476	22593	55507	44841	61297	65421	31958	60324	51902	45153	54552	56210	55013	58078	42118	55222	26911	50241	39954	0	55211	39510	53678	53758	45985	55211	37519	43666	61085	25335	19361	49559	26422	26385	45450	47863	55472	56522	47886	26657	36584	41539	19125	24579	8336	43847	24155	44103
F60	410.0876	62.82	62.33	63.7	60	661147	0.69	0.99	5	84	4081	11367	9173	5008	12061	13861	13340	0	7895	7600	11035	1032	4730	6695	11002	6053	12380	16531	15233	13488	7891	12174	15158	0	13171	0	1181	14154	6896	2431	7474	8764	6396	12263	0	11209	8384	3394	0	12603	12841	10163	10322	7352	7018	2386	0	8997	7771	9089	10571	12828	10230	10972	7097	7297	10127	12524	8194	3182	6199	1061	7289	15135	0	9249	4861	13316	10577	5228	3904	5546	8760	0	3824	1153	10071	1558	1163	3982	5443	11929	13139	3997	3588	1041	3754	4453	4717	0	7791	1061	7289
F61	381.0807	56.64	55.76	57.81	46	24242617	1.0	0.98	2442	92	285027	237342	207275	308261	304772	285855	338594	265569	245403	294851	269326	329105	267786	265885	220601	232865	225873	289265	295066	280586	276170	319022	298339	304133	274050	280863	208919	273526	273167	254022	293365	187402	228873	294966	178588	257842	266645	279174	201597	269971	235330	296927	295154	290788	265774	287714	309623	287834	291558	265469	295505	259663	238336	234555	253848	278261	274767	283392	283193	246172	250391	232312	293719	221550	0	277907	291730	284296	298879	287924	313590	271738	288739	186711	182968	256790	250704	240672	230922	257149	249152	267321	240161	198185	221246	273244	262255	266946	263864	212338	249389	233211	264810
F62	381.0807	58.7	58.41	59.58	46	112781	0.83	0.59	19	55	1190	0	0	0	4948	1199	5539	0	1004	3445	1477	0	1346	0	0	0	0	4310	1141	1217	1240	0	0	1210	1052	1664	0	1136	5958	1356	7285	2266	0	1919	0	3225	3144	0	0	1392	1221	3735	1079	3557	0	2365	0	0	0	0	1329	0	1126	2730	1161	4432	0	0	0	1349	4994	0	1755	1428	0	2935	1031	4781	2382	2186	0	1208	4014	0	0	0	3664	0	1059	1355	1131	1027	0	1252	1574	1080	0	0	0	1609	0	0	1569
F63	381.0807	63.41	62.91	64.09	46	450966	0.79	0.96	25	82	5084	0	1114	1094	7192	6259	13311	1036	2691	9242	3613	5653	2323	5647	0	0	5883	12071	9468	8398	10260	10065	12196	4939	1711	3859	3999	5675	4235	3736	3668	4458	6315	8049	0	5593	6893	6392	2551	2246	5450	2607	17044	7930	1273	7782	2539	9885	8183	4282	4656	2670	0	1171	4678	9011	8282	8578	5886	1109	1400	1223	3744	3373	0	4737	7129	7606	0	5144	4281	6922	7641	26692	0	0	3915	14806	2435	3712	1026	3143	4016	2356	0	7799	1314	7026	0	3181	4564	1059	3787
F64	408.1674	55.56	55.07	56.25	58	84905	1.0	0.97	11	1	0	0	0	0	0	0	0	100859	0	0	0	0	0	0	0	0	0	0	0	0	0	0	0	0	0	0	0	0	0	0	0	0	0	0	0	0	0	0	0	0	0	0	0	0	0	0	0	0	0	0	0	0	0	0	0	0	0	0	0	0	0	0	0	0	0	0	0	0	0	0	0	0	0	0	0	0	0	0	0	0	0	0	0	0	0	0	0	0	0	0	0	0	0
F65	386.1482	60.76	59.97	61.93	53	5801027	1.0	0.96	563	45	73703	139907	87355	104973	175000	0	0	0	153957	73259	89324	0	215705	0	0	0	147640	145286	0	0	0	93409	72881	226822	0	157660	106732	0	90249	0	0	124362	0	0	119103	0	0	119100	228571	0	138271	103228	0	0	0	0	0	153021	0	0	128409	0	0	198589	0	0	103176	0	0	98807	135914	0	123032	122380	0	139562	0	87309	0	104676	157961	0	0	0	0	99770	156618	0	0	65225	0	121985	0	90112	0	0	170799	219668	87686	0	73213	0	197618
F66	409.151	56.54	55.76	57.72	59	1274281	1.0	0.94	139	10	0	0	0	0	0	0	0	0	0	0	0	0	148264	0	0	0	0	0	0	0	174744	0	0	0	0	172249	83915	0	0	0	0	0	143615	0	0	0	0	0	0	0	0	0	0	0	0	0	0	0	0	0	0	0	0	0	0	0	0	0	0	0	0	138085	73444	0	0	0	0	0	0	0	0	0	0	0	0	0	0	0	123777	0	0	0	0	0	132363	0	104825	0	0	0	0	0	0
F67	381.1089	57.91	57.23	59.09	47	42691899	1.0	0.94	4050	91	663614	404128	859131	500025	215403	561867	255310	1296041	535382	338707	576413	693529	409204	395402	413821	735123	438865	312510	215793	662951	629030	295477	433342	927748	558067	630861	578354	485004	409659	489366	143970	224560	646277	411039	739349	337376	333619	463906	706817	731722	468593	251211	509830	386708	666515	417772	682279	340594	508765	460522	830749	708863	238170	482604	228592	0	431028	470436	654540	300860	391227	535913	362675	198080	0	207787	566298	331832	500510	408343	722699	528454	425207	101202	806169	729398	212119	180679	234098	204005	282696	422519	419213	354598	638649	591194	305648	471906	435053	128025	329029	621064	368217
F68	411.0907	55.56	54.78	56.74	61	10947257	1.0	0.97	1045	82	153309	148735	147701	123718	143832	158943	193609	0	149615	130368	147427	0	126424	138927	138417	137731	145423	174219	172311	156227	136306	149026	148243	0	160016	101514	71084	157117	144315	135948	124085	137643	136571	120180	0	127276	81074	118438	0	110768	130506	158474	159095	123482	118149	126814	0	149697	147417	147050	189666	165066	191735	128484	124077	121659	131851	101938	155865	104012	140949	0	149510	140457	0	124403	121936	144517	140224	128786	79178	112656	131509	0	67372	109685	177446	83242	77289	122089	153540	139438	144109	149118	102775	0	138869	105232	134101	0	112528	116064	99658
F69	411.0907	61.15	60.66	61.64	61	173733	0.84	0.9	22	61	0	3456	2490	0	3898	3566	11945	0	6391	0	1015	0	1215	2442	0	1028	2056	3853	5329	4553	4968	4277	3555	0	3785	1124	0	5780	2386	1286	2380	1167	2211	3684	0	2424	1042	0	0	1044	0	5011	5527	1087	0	0	0	2574	3347	3758	9539	1049	2716	1102	0	1523	3368	2412	3772	1181	8587	0	5626	2389	0	2712	0	1078	3403	1174	2151	1070	1568	0	0	0	2174	0	0	2514	2309	2172	1186	0	0	0	0	0	0	0	1178	0	1126
F70	422.1715	57.81	56.93	58.99	62	18143892	1.0	0.95	1661	67	194555	290663	568071	299978	518861	430012	463064	0	153351	268058	725256	87669	0	0	252130	223516	268373	287423	368068	882689	145052	383372	372482	0	219460	0	185695	252094	0	138379	0	91144	104959	0	81237	0	0	143428	420763	895855	242621	274185	277049	350671	201850	155287	0	189195	202542	191069	635153	328034	157048	267270	0	0	249823	148344	463870	0	0	126557	0	265427	0	122336	250192	100478	206521	373452	111774	247125	242047	0	161813	237389	219642	0	0	0	0	0	144200	139956	108024	0	155048	319005	174481	0	162775	0	247982
F71	444.1533	57.62	57.03	58.8	66	3368750	1.0	0.88	262	24	0	130859	180500	0	149716	122668	129150	0	0	0	216584	0	0	0	0	0	127674	0	130494	190669	0	143257	121907	0	0	0	0	0	0	0	0	0	0	0	0	0	0	0	137397	195646	0	0	102411	108424	0	0	0	0	0	0	194195	113457	0	163610	0	0	119935	0	159372	0	0	0	0	120242	0	0	0	0	0	120744	0	89068	0	0	0	0	0	0	0	0	0	0	0	0	0	0	0	119771	0	0	0	0	0
F72	423.1745	57.81	57.03	58.99	63	932375	1.0	0.94	85	8	0	0	102703	0	121430	0	105530	0	0	0	100215	0	0	0	0	0	0	0	0	189943	0	0	0	0	0	0	0	0	0	0	0	0	0	0	0	0	0	0	0	161685	0	0	0	0	0	0	0	0	0	0	105555	0	0	0	0	0	0	0	72433	0	0	0	0	0	0	0	0	0	0	0	0	0	0	0	0	0	0	0	0	0	0	0	0	0	0	0	0	0	0	0	0	0	0
F73	526.4277	26.83	26.44	27.22	72	1534743	0.09	0.85	258	93	15343	15921	15262	15411	18530	19107	18980	18938	18135	16124	16054	18396	18104	21281	18895	18063	15987	15871	15493	19035	17866	19631	16534	18677	15350	17595	18332	20313	17712	18398	18371	16926	18561	19820	17367	18974	17484	17998	18280	18263	17297	15368	17650	16629	15128	15604	15305	13324	17081	15512	16075	16950	16799	15294	16423	15026	16372	15894	12281	16901	15765	14956	16375	14864	15803	13847	13387	15635	15131	14614	14306	14931	16441	15018	16778	16257	13486	13174	14334	16227	14960	11944	18384	19022	18835	15271	16859	15541	15105	14948	18937	17992	16321
F74	526.4277	81.06	79.88	82.23	72	27041696	0.89	0.99	8	93	306684	294519	295695	280264	286731	283222	290200	284836	285221	286247	288520	279737	290536	296182	295586	295516	296863	292224	288044	284558	289577	295667	292181	288442	297851	299268	306034	292666	287570	290107	288834	293361	291806	296255	288192	289133	292731	291690	287422	285601	296964	290650	285892	287669	290500	287594	281054	280632	288950	292190	290417	283378	284638	286466	282934	286565	286495	290920	295414	292561	283924	287129	289882	286312	293053	295303	295254	288113	280708	289458	295459	281100	292727	307714	294486	289450	280498	292543	298916	297335	295347	289250	298679	302757	297540	291202	301669	284888	294337	301393	295444	295362	291808
F75	614.4795	26.54	26.44	27.22	78	1150070	0.09	0.86	193	93	13748	12298	14518	14085	13555	14198	14977	12928	13406	12332	10847	10214	12043	13420	13013	13458	13042	10100	10421	12752	12354	14026	15360	13273	14319	13058	14656	14620	14049	10305	14167	15081	12440	13521	14715	14299	14292	12227	12491	11178	13234	12445	13599	9519	11457	12060	10040	12713	13392	11911	10135	12812	12168	11459	11933	13652	9428	12559	12352	11429	13063	11741	11043	11889	12398	12445	9777	10808	12226	12567	11339	9633	11287	12282	11933	13406	11909	10575	12079	11490	12233	9255	12467	11804	12474	13305	12705	12849	11553	11725	14030	13278	13419
F76	614.4795	80.47	79.29	81.64	78	23033035	0.86	0.99	9	93	257048	245943	260143	247446	227411	245048	238357	233703	245944	247597	245354	243565	242526	253252	249613	249304	244509	246253	248056	240323	242681	258874	255262	245635	257906	251893	250737	244749	253455	247111	251309	241006	252002	246880	248608	232556	247324	238724	244133	236749	250360	247558	250341	250202	247594	251306	243668	243568	243412	250088	238313	235766	254383	245565	249215	250557	245434	247594	243318	250286	247158	248315	248383	239700	250991	242907	245380	255023	242043	245423	252619	244074	249557	255105	251099	240914	253143	244958	253247	242623	256693	251303	255799	260562	251281	254533	243270	248343	252447	260429	262271	258355	252570
F77	440.4065	73.51	72.33	74.68	64	121928326	1.0	0.97	208	93	1556329	1297594	1216262	1330429	1284798	1299615	1303448	1270878	1348100	1322208	1313424	1289548	1316698	1340227	1345198	1391741	1383424	1340378	1357578	1303682	1398268	1407334	1428713	1248237	1488054	1420745	1403210	1343189	1312359	1401484	1318691	1356590	1351796	1353385	1309059	1250722	1313374	1342787	1238403	1199618	1395193	1287872	1274347	1298488	1326931	1340155	1221667	1266866	1287311	1273708	1197537	1198483	1264173	1225450	1264310	1285732	1304641	1317588	1262737	1284172	1274410	1309341	1212436	1196940	1589162	1248271	1285891	1277457	1263283	1286967	1213717	1254696	1247132	1724569	1170145	1247751	1266203	1248967	1291864	1277899	1324904	1300111	1358050	1272258	1273112	1371843	1190359	1270961	1270990	1439802	1427103	1267104	1224690
F78	482.4018	26.64	26.44	27.22	67	1204517	0.09	0.85	207	92	15242	14234	12379	15124	13700	14573	16111	12934	15871	11705	10573	13367	15653	15954	14901	15103	13273	13691	13477	13350	13336	15917	15787	14998	14485	13727	15921	15187	15442	15986	14729	14828	15300	16216	15273	12241	13458	14116	12421	13149	12148	11901	12220	12762	12950	9632	11420	11573	12603	12477	13678	12095	11872	12601	12605	12408	10113	12918	10133	14325	12919	12440	11949	11864	11617	12712	12354	0	10665	14189	13413	12939	13118	12472	12648	11406	10816	11722	12978	12428	13478	11684	14133	13431	13945	13046	12254	10736	12658	11461	11042	11204	13630
F79	482.4018	81.25	80.07	82.43	67	22827275	0.83	0.99	7	92	264582	244586	252850	245957	239703	249086	248265	238815	252303	248588	250971	242088	243078	245612	256947	255390	247570	248618	249562	254589	249806	250183	249220	252167	249911	253343	253662	251865	251058	247155	255013	248535	251787	253186	251379	251723	249493	250970	244128	244676	248592	250214	246419	253308	252557	244476	242802	244810	245483	253418	242593	244064	238451	238534	247213	241416	248910	242738	252991	238479	247048	244793	244238	245260	257995	243286	249496	0	243917	247948	246517	235878	244614	257808	246052	238962	242896	246328	251417	247803	254037	254910	255986	253489	249831	253306	239548	242095	252723	256560	256003	243153	252490
F80	555.2053	70.27	69.58	71.25	73	129948	1.0	0.98	13	1	0	0	0	0	0	0	0	149794	0	0	0	0	0	0	0	0	0	0	0	0	0	0	0	0	0	0	0	0	0	0	0	0	0	0	0	0	0	0	0	0	0	0	0	0	0	0	0	0	0	0	0	0	0	0	0	0	0	0	0	0	0	0	0	0	0	0	0	0	0	0	0	0	0	0	0	0	0	0	0	0	0	0	0	0	0	0	0	0	0	0	0	0	0
F81	615.2116	67.23	66.45	68.41	79	2744493	1.0	0.9	298	30	99551	70891	0	57840	88677	0	126299	0	101242	0	0	89961	114508	107705	0	0	0	53516	0	0	0	0	86754	83959	0	0	84384	0	80386	0	0	0	110091	0	0	0	0	112761	75520	0	0	0	0	0	0	0	0	108328	0	0	0	96843	58025	0	0	0	0	0	0	0	0	0	111503	72575	0	0	0	0	0	0	81019	0	0	0	0	83227	0	0	0	0	0	0	98596	0	98430	0	114987	118369	0	0	0	85920	93626
F82	441.4104	73.6	72.43	74.78	65	33386460	1.0	0.95	2527	93	440166	301797	358565	377818	317028	364125	345267	367224	358561	346922	345293	358547	383407	391377	355158	390586	396909	347999	377092	373533	366992	390922	388715	356300	363186	379485	385052	280995	376841	406691	378828	378783	383262	378079	385607	335409	349633	313068	361740	346442	405896	315218	306336	360060	383935	364116	357621	361336	347527	371475	338987	350858	367043	327251	364663	317968	361872	369312	339873	352446	367000	338856	353677	350405	404125	369609	373122	364403	360815	290428	285315	355413	330337	436400	339469	305338	366582	380800	354649	365595	375046	291538	393573	368222	338870	399299	316041	332925	362887	407093	375311	328020	363100
F83	483.1372	72.13	71.25	73.21	68	3259743	1.0	0.97	312	33	89170	104267	0	127574	106617	122895	83978	0	84788	116091	87860	104451	102480	0	0	131559	96799	0	0	0	61557	0	0	0	0	0	0	0	0	0	0	0	0	0	0	0	71778	0	0	124071	0	97994	0	107838	0	0	0	0	84267	101894	65292	151714	129044	0	95985	0	0	0	0	82667	0	0	0	94798	0	0	0	0	0	74430	0	0	0	0	66259	128167	95130	0	0	0	0	0	0	0	0	0	0	109409	91313	0	0	0	88607
F84	622.1744	68.31	67.72	69.49	80	143921	1.0	0.94	15	2	0	0	0	0	0	0	0	0	0	0	0	0	0	0	0	0	0	0	0	0	0	0	0	0	0	0	0	0	0	0	0	0	0	0	79946	0	0	0	0	0	0	0	0	0	0	0	0	0	0	0	0	0	0	0	0	0	0	0	0	0	0	0	0	0	0	0	0	0	0	0	83240	0	0	0	0	0	0	0	0	0	0	0	0	0	0	0	0	0	0	0	0	0	0
F85	570.4537	26.64	26.44	27.22	74	1432466	0.09	0.86	242	93	18491	16116	16058	16970	18877	17759	17155	14152	17377	15863	14313	15447	17780	18830	15590	18288	14498	15846	15113	14727	15532	17210	17007	17868	16168	13814	18965	17557	16689	17185	19566	15907	15504	16016	15075	16036	16863	17470	16703	15607	16158	16107	16522	15003	15844	16085	15531	13097	18469	16145	14246	16591	13732	14479	13897	15055	15487	15440	12234	13039	15123	14696	14670	14743	13979	15905	13136	11223	14477	14362	14416	13337	13945	9882	12076	12959	15602	13653	14680	15481	15550	14377	16825	16814	15904	14030	15474	15069	11678	15642	15763	16237	14605
F86	570.4537	80.96	79.78	82.13	74	26517498	0.89	0.99	8	93	301933	284379	295874	274914	277975	277701	287932	272376	286592	277829	286944	283794	272492	289309	290457	290992	290072	284025	278571	288748	287039	287466	292562	281153	300676	288512	288356	288233	280737	279810	286261	289970	286649	289006	282163	288195	289429	292800	284726	283424	292571	289325	280303	281917	280992	287398	283680	279895	283842	284250	281936	282651	281999	283999	283095	283851	283610	287975	285268	276578	284722	278549	274961	289232	290660	284094	286906	275362	287462	290185	278674	285517	285588	297026	290142	277714	283353	286166	286076	286165	291322	293627	300894	284542	284124	288922	277009	275119	280593	284316	291989	287202	289074
F87	484.2509	72.72	71.54	73.9	69	20439203	1.0	0.95	28	93	254859	217920	216100	222953	214237	219443	212881	212250	223592	220767	225105	214721	223694	228303	235711	228638	226650	222345	221700	224401	225839	231067	231894	212509	240929	233134	231760	223307	227446	234997	224033	229421	233727	223556	220293	204527	226650	222959	219833	211196	233588	224845	222497	222326	220060	221094	206530	217630	210949	218534	211954	203195	211715	207935	215233	216950	218189	216484	211682	221201	216198	215272	205962	203450	239550	210147	217828	216926	216766	215216	211937	208832	211913	247914	206120	201044	208566	222106	217499	205236	222163	212991	220885	222594	216955	220315	207531	218983	211020	236061	233643	222986	211656
F88	629.2058	65.27	64.48	66.45	81	268525	1.0	0.97	25	1	0	0	0	0	0	0	0	0	0	0	0	0	0	0	0	0	0	0	292052	0	0	0	0	0	0	0	0	0	0	0	0	0	0	0	0	0	0	0	0	0	0	0	0	0	0	0	0	0	0	0	0	0	0	0	0	0	0	0	0	0	0	0	0	0	0	0	0	0	0	0	0	0	0	0	0	0	0	0	0	0	0	0	0	0	0	0	0	0	0	0	0	0	0
F89	641.1213	69.49	68.7	70.66	84	7722207	1.0	0.96	820	77	95377	118157	108220	99115	97651	103929	132357	152744	89465	126728	116525	103191	117013	121896	77029	127874	70520	0	102328	77519	96950	88407	97102	102267	112292	0	108858	86032	110369	0	68134	100707	120180	115399	0	104270	85032	111173	115135	85602	0	110459	119278	122436	119448	77873	100420	122075	0	91877	143496	95421	74330	98006	104292	99359	0	109007	105664	108275	79054	107116	95068	94270	0	96478	92472	76057	96855	0	78622	83526	102204	0	107697	0	92059	0	78375	91411	106080	100404	87754	89720	97925	0	94662	103095	69540	0	0	75500	0
F90	599.195	66.64	66.05	67.42	75	112188	1.0	0.99	14	1	0	0	0	0	0	0	0	0	0	0	0	0	0	0	0	0	0	0	0	0	0	0	0	127739	0	0	0	0	0	0	0	0	0	0	0	0	0	0	0	0	0	0	0	0	0	0	0	0	0	0	0	0	0	0	0	0	0	0	0	0	0	0	0	0	0	0	0	0	0	0	0	0	0	0	0	0	0	0	0	0	0	0	0	0	0	0	0	0	0	0	0	0	0
F91	635.1925	67.33	66.45	68.5	83	15945996	1.0	0.94	1304	89	217428	190782	185822	191725	217161	183320	248882	169006	235337	165738	95598	169649	225333	175255	169449	213076	200394	220571	0	108429	147684	147004	149239	207662	190482	201854	185060	205283	214116	160947	148767	202691	177926	153444	167652	192885	196136	159662	141875	90383	146842	193324	206600	167970	158123	187497	164674	217286	193788	208236	194846	243770	177403	148505	199094	160845	202337	137258	115117	170216	195124	172126	217027	204239	0	182043	176472	184056	111187	156228	215772	167893	141571	0	210426	198832	196209	160592	182861	189832	201156	146578	179521	173045	148954	92333	184586	208900	186955	0	153383	209120	203537
F92	613.2109	67.33	66.25	68.5	76	70630726	1.0	0.96	6181	91	918975	831905	746875	922467	988875	813439	1019765	749099	1164278	783948	557020	882995	922957	926385	852558	885092	835483	875828	183737	445440	700990	705088	850289	1052726	972932	901621	830391	822082	776960	581455	837489	855592	974622	767684	643162	752108	838962	856726	801534	396938	768909	802717	741029	707105	675116	707877	668924	963377	766737	791187	676951	919986	886576	612082	797828	738232	802495	716612	583103	704288	768099	562008	890295	967332	0	778010	661676	687687	677057	610872	1033146	645591	790462	0	749581	864663	888068	605232	722114	806054	801055	751836	806120	791371	769565	382988	925900	992544	800348	130142	650742	852615	1033950
F93	489.2061	26.93	26.44	27.22	70	786911	0.16	0.88	131	90	10880	9066	8917	9249	11505	9557	6276	0	8295	7298	8038	8848	9029	9792	8423	11301	9489	8945	8102	9650	9377	9836	10425	9777	9799	10778	9643	0	7603	9295	8883	10845	9133	9040	9548	8813	8755	0	8795	7914	9595	9758	10119	8540	8307	9585	9848	9081	9830	9615	10256	6887	10944	9125	7699	7359	7491	7200	8802	6994	9987	8547	9507	6515	10374	9890	9981	6761	9648	8021	5632	4394	7352	4960	8873	6046	6938	7469	8650	8144	8910	8808	9469	10348	9306	10317	10508	8349	8273	8664	10037	8407	8872
F94	489.2061	72.72	71.64	73.9	70	11564381	1.0	0.93	39	90	125761	126662	127412	121255	120068	123136	117012	0	126719	116107	120000	119606	124475	123829	130014	124771	124137	124027	127843	123462	122517	124821	125695	119182	118293	124934	124162	0	128461	133189	125036	128357	122940	128464	122204	117827	124512	0	119997	118760	123869	128033	122263	126628	122284	128136	133173	127971	130302	131847	130204	120331	130734	129549	131445	136268	136416	137042	130623	132642	125607	131601	127164	126944	160464	129141	135029	134181	133201	133423	127813	128174	130030	167030	125581	129350	131772	134175	134736	134332	133241	132115	130549	136883	129038	142537	123545	133182	129670	154866	142691	130417	124492
F95	658.5052	26.83	26.34	27.32	85	738122	0.1	0.9	129	83	10898	8379	8125	11369	0	10216	11389	10443	9313	8663	0	10238	7959	11139	9305	9449	6572	7205	8024	9559	0	11195	9283	9498	9022	0	10340	8615	9394	8558	10606	9460	9662	9055	9388	9923	9366	9140	9096	8950	10219	10014	9149	9560	9054	7719	9401	8802	9002	7142	0	0	8487	8332	6548	8473	9170	0	8171	8268	9405	0	0	7648	8328	7242	8913	8581	9480	8323	7004	8656	7736	8041	9390	0	10622	8695	7517	7285	8955	10174	10009	8674	10090	9990	7068	8644	9311	9442	9472	10267	7853
F96	658.5052	80.27	79.09	81.45	85	16442678	0.89	0.99	11	83	208524	197522	202926	196086	0	186805	194387	185416	196754	191383	0	189628	191891	196014	201908	203247	200006	190663	193575	194636	0	198532	198699	194272	213781	0	197334	194064	195055	196630	193415	200966	205989	194083	198766	191353	198921	200695	193535	191333	196375	194618	192789	198238	195541	197053	192305	196624	197932	194802	0	0	194997	193517	197123	202968	199431	0	192741	201302	202965	0	0	196893	201490	196391	196803	197024	191894	202161	198685	192797	199827	214441	197400	0	202347	200383	199472	204541	201040	203657	207071	200040	206063	203841	200240	207137	204389	208814	202671	208097	201954
F97	614.214	67.23	66.35	68.41	77	21964842	1.0	0.94	2030	88	252644	302433	238367	288841	310041	259527	339518	233980	348552	210388	168359	276093	324973	325508	254479	281243	254104	248346	0	130933	221767	236793	296449	349646	285608	283442	290352	256306	282592	209230	241579	254900	320969	247405	227174	233491	256570	285766	303964	0	175742	282259	267321	216208	229671	224664	212230	311845	237770	260996	220839	307341	263022	197540	239399	150557	273809	213397	183746	238816	248513	192363	318022	318635	0	268795	171943	242487	222356	204958	337674	184310	185763	0	250035	273416	227046	184767	207701	266311	225530	252290	171039	260930	199693	79330	307125	308100	240409	0	219206	283866	294725
F98	505.1191	72.23	71.25	73.41	71	8123446	1.0	0.96	817	73	79950	121014	120394	204433	145649	160148	158067	67530	150930	161103	132474	118289	107975	89644	75682	186423	89571	0	111588	81203	108097	100455	0	0	0	85521	99973	98690	97483	0	0	94769	0	104888	102457	105272	86727	100872	76497	141793	75449	104193	0	115777	101962	77572	0	123725	109189	136584	117995	149730	140089	98589	118738	0	105522	104108	94007	0	93333	119334	80107	167098	0	114269	96278	110748	86224	123646	89274	127564	105145	0	134608	118618	129679	0	108812	0	100283	88588	111097	73689	0	0	0	127349	98782	0	0	104116	99015
F99	697.2311	63.8	63.31	64.39	87	95273	1.0	0.97	17	2	0	0	0	0	0	0	0	0	0	0	0	0	0	0	0	0	0	0	0	69160	0	0	0	0	0	0	0	0	0	0	0	0	0	0	0	0	0	0	0	0	0	0	0	0	0	0	0	0	0	0	39259	0	0	0	0	0	0	0	0	0	0	0	0	0	0	0	0	0	0	0	0	0	0	0	0	0	0	0	0	0	0	0	0	0	0	0	0	0	0	0	0	0	0
F100	759.1474	56.74	56.05	57.62	90	2881730	1.0	0.98	428	31	0	71442	0	0	129571	0	0	93861	0	0	0	146541	72243	0	0	0	82581	0	88622	0	91249	0	0	96756	0	0	0	116621	74358	0	78231	0	0	0	85170	0	0	0	90831	0	0	0	83004	0	0	66663	102485	133897	98025	0	0	0	0	0	88103	115243	78437	0	0	0	100577	0	0	0	0	0	0	0	0	85801	0	110916	91406	0	0	0	0	0	77262	0	0	0	0	0	0	0	102646	0	0	99415	80624	66149	0
F101	754.1871	51.44	50.85	52.62	88	26674021	1.0	0.76	2084	93	313972	269147	311740	327234	285119	262425	285491	242818	313028	308708	262945	264370	301004	278787	295485	289189	291648	295221	289586	276586	293927	326479	322048	299007	244613	238009	303536	298573	268578	254337	289916	316978	256073	288526	307204	229669	234547	280182	301431	273086	306345	268331	279686	257316	298167	286071	305732	267023	261802	294743	295763	303701	274053	291358	294018	290009	317518	300372	209598	302162	257149	303480	313788	307314	365776	300331	276068	296730	279806	284764	300217	257435	314140	195124	310915	307083	298482	253054	283198	279696	307093	299518	275111	342737	302282	300962	293660	324516	257793	250810	304341	303483	251175
F102	755.1894	51.54	50.85	52.71	89	11168872	1.0	0.77	861	91	108719	106529	106629	150856	117405	146102	110671	106441	120449	131545	124415	98006	112335	77218	144569	155018	151373	141233	89229	133719	109811	109569	111177	115738	142558	149253	142554	133893	114697	119820	93103	130561	72472	127412	124510	108210	144715	85168	147595	120649	130620	139286	112750	92542	0	113198	120865	147947	130958	74411	126498	129814	97223	126485	135796	119929	120253	94094	152894	153641	142387	139623	128400	142680	140630	112768	94493	157372	126564	139029	129417	135707	93790	115914	148508	132908	93658	113850	116745	148817	135678	136992	113537	145957	132487	0	111706	110798	89554	127548	135947	104935	135343
